,filename,type,sample,pre1,pre2,norm1,norm2,nnorm,nvict,area_S6,I_S6,redox_S6,redox_S6_L2021,redox_S6_J2010,redox_S6_LL2023
0,DR04_morning_Smaps1_POI1_01.dat,0,DR04,-20,-10,42,60,0,4,,0.43386658025170205,0.0,,0.02352055168099132,0.04317409747230294
1,DR04_morning_Smaps1_POI1_02.dat,0,DR04,-20,-10,42,60,0,4,,0.4534361370164385,0.0,,0.035346669278306764,0.07640631954948007
2,DR04_morning_Smaps1_POI1_03.dat,0,DR04,-20,-10,42,60,0,4,,0.45734281603978194,0.0,,0.03784744025234699,0.08304048231815064
3,DR04_morning_Smaps1_POI1_04.dat,1,DR04,-20,-10,42,60,0,4,0.08722729397351126,0.48272988198120376,0.0,0.07409230188315648,0.05510032827789513,0.12615176089210012
4,DR04_morning_Smaps1_POI2_01.dat,0,DR04,-20,-10,42,60,0,4,,0.40763983144145544,0.0,,0.009762996511661681,-0.0013630962568363936
5,DR04_morning_Smaps1_POI2_02.dat,0,DR04,-20,-10,42,60,0,4,,0.4332584591124183,0.0,,0.023172989857971782,0.042141410989238626
6,DR04_morning_Smaps1_POI2_03.dat,0,DR04,-20,-10,42,60,0,4,,0.4491643699179211,0.0,,0.03266337824554788,0.0691521791217461
7,DR04_morning_Smaps1_POI2_04.dat,1,DR04,-20,-10,42,60,0,4,0.07864387649212125,0.48150537975091623,0.0,0.06668442227574917,0.05423096830597984,0.1240723612132969
8,DR04_morning_Smaps1_POI3_01.dat,0,DR04,-20,-10,42,60,0,4,,0.4422297699056107,0.0,,0.028425849458967978,0.05737612458990515
9,DR04_morning_Smaps1_POI3_02.dat,0,DR04,-20,-10,42,60,0,4,,0.4513402418649466,0.0,,0.03402335723355798,0.07284715599957459
10,DR04_morning_Smaps1_POI3_03.dat,0,DR04,-20,-10,42,60,0,4,,0.4628082058417808,0.0,,0.04141844544411233,0.09232158407338553
11,DR04_morning_Smaps1_POI3_04.dat,1,DR04,-20,-10,42,60,0,4,0.09115963174360796,0.4824088614821415,0.0,0.07749461736074603,0.05487207008904693,0.12560661699106979
12,DR04_morning_Smaps1_POI4_01.dat,0,DR04,-20,-10,42,60,0,4,,0.4394461335257439,0.0,,0.026767602243185307,0.052649066973325165
13,DR04_morning_Smaps1_POI4_02.dat,0,DR04,-20,-10,42,60,0,4,,0.4436937001710044,0.0,,0.029307898447708647,0.05986211117968465
14,DR04_morning_Smaps1_POI4_03.dat,0,DR04,-20,-10,42,60,0,4,,0.45438471072174486,0.0,,0.035949821369114954,0.07801714867608123
15,DR04_morning_Smaps1_POI4_04.dat,1,DR04,-20,-10,42,60,0,4,0.08513369449658784,0.47503275601255185,0.0,0.07228307568966927,0.04969557870829855,0.11308081592275998
16,DR04_morning_Smaps1_POI5_01.dat,0,DR04,-20,-10,42,60,0,4,,0.44215484253840087,0.0,,0.028380887644260278,0.057248885994943044
17,DR04_morning_Smaps1_POI5_02.dat,0,DR04,-20,-10,42,60,0,4,,0.43165959302038476,0.0,,0.02226524969874133,0.03942628188943842
18,DR04_morning_Smaps1_POI5_03.dat,0,DR04,-20,-10,42,60,0,4,,0.45010892841733036,0.0,,0.0332520075677204,0.0707561897896739
19,DR04_morning_Smaps1_POI5_04.dat,1,DR04,-20,-10,42,60,0,4,0.07544975824704944,0.47298919978895765,0.0,0.06393427232669932,0.04828508982564339,0.10961053220268846
20,DR04_morning_Smaps1_POI6_01.dat,0,DR04,-20,-10,42,60,0,4,,0.6415789100455095,0.0,,0.19293993798314957,0.39590269295659786
21,DR04_morning_Smaps1_POI6_02.dat,0,DR04,-20,-10,42,60,0,4,,0.6252825100957498,0.0,,0.17648404877878665,0.36822881210688996
22,DR04_morning_Smaps1_POI6_03.dat,0,DR04,-20,-10,42,60,0,4,,0.6347503714166725,0.0,,0.18596551015730967,0.38430674753462446
23,DR04_morning_Smaps1_POI6_04.dat,1,DR04,-20,-10,42,60,0,4,0.41241603657429426,0.797319817912008,0.0,0.37355477419979216,0.4020988664234315,0.6603755422368085
24,DR08_02_Smaps1_POI1_01.dat,0,MAYOBS-DR08-02,-20,-10,42,60,0,4,,0.45110449011076015,0.0,,0.033875321371129585,0.07244681199871672
25,DR08_02_Smaps1_POI1_02.dat,0,MAYOBS-DR08-02,-20,-10,42,60,0,4,,0.45667289429772373,0.0,,0.03741548952618856,0.08190284857539132
26,DR08_02_Smaps1_POI1_03.dat,1,MAYOBS-DR08-02,-20,-10,42,60,0,4,0.09191081176747547,0.4855422062198444,0.0,0.07814515887311856,0.057110334118924744,0.1309275350588377
27,DR08_02_Smaps1_POI2_01.dat,0,MAYOBS-DR08-02,-20,-10,42,60,0,4,,0.42922483122687793,0.0,,0.02090002890890319,0.03529166884737678
28,DR08_02_Smaps1_POI2_02.dat,0,MAYOBS-DR08-02,-20,-10,42,60,0,4,,0.45604998508784417,0.0,,0.037015000825179944,0.080845049594786
29,DR08_02_Smaps1_POI2_03.dat,1,MAYOBS-DR08-02,-20,-10,42,60,0,4,0.07910889733332163,0.48271535552421974,0.0,0.0670851021617333,0.05508999414189497,0.12612709265611033
30,DR08_02_Smaps1_POI3_01.dat,0,MAYOBS-DR08-02,-20,-10,42,60,0,4,,0.4315503178982507,0.0,,0.022203532683212956,0.039240715339826426
31,DR08_02_Smaps1_POI3_02.dat,0,MAYOBS-DR08-02,-20,-10,42,60,0,4,,0.45257779648501745,0.0,,0.03480316137504058,0.07494872071364822
32,DR08_02_Smaps1_POI6_01.dat,0,MAYOBS-DR08-02,-20,-10,42,60,0,4,,0.4561752271908981,0.0,,0.0370954338438827,0.08105773061930466
33,DR08_02_Smaps1_POI6_02.dat,0,MAYOBS-DR08-02,-20,-10,42,60,0,4,,0.45674740289257876,0.0,,0.03746346781625831,0.08202937602824312
34,DR08_02_Smaps1_POI6_03.dat,1,MAYOBS-DR08-02,-20,-10,42,60,0,4,0.09055340924587005,0.4861106232589282,0.0,0.07696975545701386,0.05751882394264474,0.13189279766045792
35,DR08_02_Smaps1_POI7_01.dat,0,MAYOBS-DR08-02,-20,-10,42,60,0,4,,0.4428628493686131,0.0,,0.028806457644311223,0.058451194279010577
36,DR08_02_Smaps1_POI7_02.dat,0,MAYOBS-DR08-02,-20,-10,42,60,0,4,,0.456818482609355,0.0,,0.037509252913307645,0.08215008070037688
37,DR17-04-02-Smap1_POI1_01.dat,0,MAYOBS-DR17-04-02,-20,-10,42,60,0,4,,0.629042641779785,0.0,,0.18022410082113605,0.3746141141689405
38,DR17-04-02-Smap1_POI1_02.dat,0,MAYOBS-DR17-04-02,-20,-10,42,60,0,4,,0.6149406593692539,0.0,,0.16636308385008403,0.35066670356433827
39,DR17-04-02-Smap1_POI1_03.dat,1,MAYOBS-DR17-04-02,-20,-10,42,60,0,4,0.2504217509062617,0.6732076183615864,0.0,0.21979469232265592,0.2269210707696515,0.44961327370251203
40,DR17-04-02-Smap1_POI1_04.dat,1,MAYOBS-DR17-04-02,-20,-10,42,60,0,4,0.3390561514927239,0.7196756486024712,0.0,0.30279695469119394,0.2831166468052144,0.5285233849032278
41,DR17-04-02-Smap1_POI1_05.dat,1,MAYOBS-DR17-04-02,-20,-10,42,60,0,4,0.33617001754066456,0.7107752780118091,0.0,0.30005132727832373,0.2716637578851674,0.5134091390573001
42,DR17-04-02-Smap1_POI2_01.dat,0,MAYOBS-DR17-04-02,-20,-10,42,60,0,4,,0.635657429835224,0.0,,0.18688521779891054,0.3858470770967428
43,DR17-04-02-Smap1_POI2_02.dat,0,MAYOBS-DR17-04-02,-20,-10,42,60,0,4,,0.6220001908300766,0.0,,0.1732459183235041,0.36265491157984253
44,DR17-04-02-Smap1_POI2_03.dat,1,MAYOBS-DR17-04-02,-20,-10,42,60,0,4,0.3525858907172282,0.7514402087131133,0.0,0.31570651185606835,0.32724327346219173,0.5824646636184851
45,DR17-04-02-Smap1_POI2_04.dat,1,MAYOBS-DR17-04-02,-20,-10,42,60,0,4,0.3112584098115063,0.7344954939330205,0.0,0.2764725068434043,0.30303364958466744,0.5536898410010831
46,DR17-04-02-Smap1_POI2_05.dat,1,MAYOBS-DR17-04-02,-20,-10,42,60,0,4,0.3368129814310143,0.7493147975975583,0.0,0.300662739614891,0.3241162181816487,0.5788553772638396
47,DR17-04-02-Smap1_POI3_01.dat,0,MAYOBS-DR17-04-02,-20,-10,42,60,0,4,,0.6544082331940825,0.0,,0.20637433030677976,0.41768892557794723
48,DR17-04-02-Smap1_POI3_02.dat,0,MAYOBS-DR17-04-02,-20,-10,42,60,0,4,,0.6190645540565689,0.0,,0.17037039840361967,0.3576697331024776
49,DR17-04-02-Smap1_POI3_03.dat,1,MAYOBS-DR17-04-02,-20,-10,42,60,0,4,0.36127510870856455,0.7629752795438297,0.0,0.3240308879286298,0.3446987995845531,0.6020530498109151
50,DR17-04-02-Smap1_POI3_04.dat,1,MAYOBS-DR17-04-02,-20,-10,42,60,0,4,0.2726371592765183,0.7065065826633844,0.0,0.2403427478575627,0.2662968866186203,0.5061602149501234
51,DR17-04-02-Smap1_POI3_05.dat,1,MAYOBS-DR17-04-02,-20,-10,42,60,0,4,0.28703929918078386,0.6997237617481354,0.0,0.2537553445287461,0.25792869234202886,0.49464190548225373
52,DR17-04-02-Smap1_POI4_01.dat,0,MAYOBS-DR17-04-02,-20,-10,42,60,0,4,,0.6032797606897378,0.0,,0.15522745760412004,0.330864641657886
53,DR17-04-02-Smap1_POI4_02.dat,0,MAYOBS-DR17-04-02,-20,-10,42,60,0,4,,0.6304489818527449,0.0,,0.18163147176136085,0.37700230344591246
54,DR17-04-02-Smap1_POI4_03.dat,1,MAYOBS-DR17-04-02,-20,-10,42,60,0,4,0.25776686867561194,0.6969433351165855,0.0,0.22656960189916073,0.25455299172089463,0.4899202985291793
55,DR17-04-02-Smap1_POI4_04.dat,1,MAYOBS-DR17-04-02,-20,-10,42,60,0,4,0.3808902334057715,0.7594565718064343,0.0,0.3429186299347816,0.3392852821180652,0.5960777240352941
56,DR17-04-02-Smap1_POI4_05.dat,1,MAYOBS-DR17-04-02,-20,-10,42,60,0,4,0.32858045568075855,0.7347809456419798,0.0,0.2928450287521933,0.3034283155683826,0.5541745834353902
57,DR17-04-02-Smap1_POI5_01.dat,0,MAYOBS-DR17-04-02,-20,-10,42,60,0,4,,0.6305095435355452,0.0,,0.18169218351789274,0.377105146822305
58,DR17-04-02-Smap1_POI5_02.dat,0,MAYOBS-DR17-04-02,-20,-10,42,60,0,4,,0.6151361130204244,0.0,,0.16655217680913548,0.3509986149724289
59,DR17-04-02-Smap1_POI5_03.dat,1,MAYOBS-DR17-04-02,-20,-10,42,60,0,4,0.3574329373208115,0.7190257722292274,0.0,0.3203468138081061,0.2822679804824234,0.5274197913871361
60,DR17-04-02-Smap1_POI5_04.dat,1,MAYOBS-DR17-04-02,-20,-10,42,60,0,4,0.3328895098946465,0.7499766238105742,0.0,0.2969340313958793,0.3250870584573539,0.5799792635098007
61,DR17-04-02-Smap1_POI5_05.dat,1,MAYOBS-DR17-04-02,-20,-10,42,60,0,4,0.29481824909115173,0.7158566466343801,0.0,0.2610297199562579,0.27815783897493906,0.5220381117290558
62,DR17-04-02-Smap1_POI6_01.dat,0,MAYOBS-DR17-04-02,-20,-10,42,60,0,4,,0.6144169409889313,0.0,,0.16585681482359937,0.34977734639953306
63,DR17-04-02-Smap1_POI6_02.dat,0,MAYOBS-DR17-04-02,-20,-10,42,60,0,4,,0.620533554318466,0.0,,0.17180691007677096,0.3601643293532606
64,DR17-04-02-Smap1_POI6_03.dat,1,MAYOBS-DR17-04-02,-20,-10,42,60,0,4,0.28424152898868843,0.6711637578614059,0.0,0.25114417730601946,0.22463376344960795,0.44614247327236844
65,DR17-04-02-Smap1_POI6_04.dat,1,MAYOBS-DR17-04-02,-20,-10,42,60,0,4,0.33725591444036995,0.7160729361875111,0.0,0.30108402034887494,0.27843686780765375,0.5224054058149175
66,DR17-04-02-Smap1_POI6_05.dat,1,MAYOBS-DR17-04-02,-20,-10,42,60,0,4,0.2878319592828639,0.7253479996582862,0.0,0.25449562976446666,0.29061027525789257,0.5381559398073956
67,DR17-04-02-Smap1_POI7_01.dat,0,MAYOBS-DR17-04-02,-20,-10,42,60,0,4,,0.610047803326348,0.0,,0.16165605284119433,0.3423578552565163
68,DR17-04-02-Smap1_POI7_02.dat,0,MAYOBS-DR17-04-02,-20,-10,42,60,0,4,,0.6344180922667577,0.0,,0.18562910443768388,0.3837424846525197
69,DR17-04-02-Smap1_POI7_03.dat,1,MAYOBS-DR17-04-02,-20,-10,42,60,0,4,0.35603028118086866,0.7363120414412827,0.0,0.3190031489309011,0.30555262930527,0.5567746277918137
70,DR17-04-02-Smap1_POI7_04.dat,1,MAYOBS-DR17-04-02,-20,-10,42,60,0,4,0.31682586328945306,0.727650811658438,0.0,0.281723433913981,0.29369757890777304,0.5420664810992113
71,DR17-04-02-Smap1_POI7_05.dat,1,MAYOBS-DR17-04-02,-20,-10,42,60,0,4,0.32572620424674553,0.6923999858914878,0.0,0.2901400793741074,0.2491027892297435,0.48220496842550076
72,DR_07_02_07_Smaps1_POI10_01.dat,0,MAYOBS-DR-07-02-07,-20,-10,42,60,0,4,,0.6209675756391181,0.0,,0.17223225284206767,0.3609013666345613
73,DR_07_02_07_Smaps1_POI10_02.dat,0,MAYOBS-DR-07-02-07,-20,-10,42,60,0,4,,0.6521138434653541,0.0,,0.20393861501203825,0.4137926866434971
74,DR_07_02_07_Smaps1_POI10_03.dat,1,MAYOBS-DR-07-02-07,-20,-10,42,60,0,4,0.3373620381355962,0.6748811634563616,0.0,0.30118496640603604,0.22880419810953945,0.45245521963487767
75,DR_07_02_07_Smaps1_POI10_04.dat,1,MAYOBS-DR-07-02-07,-20,-10,42,60,0,4,0.3225516126519052,0.646983565762533,0.0,0.2871348632069434,0.19854522407102382,0.4050806585691078
76,DR_07_02_07_Smaps1_POI10_05.dat,1,MAYOBS-DR-07-02-07,-20,-10,42,60,0,4,0.272025376341428,0.6768584733553704,0.0,0.23977459115291483,0.23104119785003097,0.45581300655203827
77,DR_07_02_07_Smaps1_POI1_01.dat,0,MAYOBS-DR-07-02-07,-20,-10,42,60,0,4,,0.5635897851878329,0.0,,0.11930583258316385,0.2634647461991507
78,DR_07_02_07_Smaps1_POI1_02.dat,0,MAYOBS-DR-07-02-07,-20,-10,42,60,0,4,,0.5706930661153192,0.0,,0.12552201208883473,0.27552724777221493
79,DR_07_02_07_Smaps1_POI1_03.dat,1,MAYOBS-DR-07-02-07,-20,-10,42,60,0,4,0.23715521567356238,0.6140816063354638,0.0,0.20760543837891252,0.16553296267950723,0.34920789478608194
80,DR_07_02_07_Smaps1_POI1_04.dat,1,MAYOBS-DR-07-02-07,-20,-10,42,60,0,4,0.23293201314392764,0.6330302854013207,0.0,0.20373797259808296,0.18422698415110972,0.381385767711667
81,DR_07_02_07_Smaps1_POI1_05.dat,1,MAYOBS-DR-07-02-07,-20,-10,42,60,0,4,0.2438498664247203,0.6287435650184342,0.0,0.213748839407827,0.17992540912669386,0.37410623422710954
82,DR_07_02_07_Smaps1_POI2_01.dat,0,MAYOBS-DR-07-02-07,-20,-10,42,60,0,4,,0.5636492210125638,0.0,,0.1193574730082978,0.2635656776893496
83,DR_07_02_07_Smaps1_POI2_02.dat,0,MAYOBS-DR-07-02-07,-20,-10,42,60,0,4,,0.5562860646547526,0.0,,0.11300769289367063,0.2510618662738203
84,DR_07_02_07_Smaps1_POI2_03.dat,1,MAYOBS-DR-07-02-07,-20,-10,42,60,0,4,0.26661984067346073,0.6343380757389491,0.0,0.2347601610389488,0.18554813468911235,0.38360660385287004
85,DR_07_02_07_Smaps1_POI2_04.dat,1,MAYOBS-DR-07-02-07,-20,-10,42,60,0,4,0.3080613698026918,0.639985467670036,0.0,0.2734620840773501,0.19130189082418447,0.3931967741907554
86,DR_07_02_07_Smaps1_POI2_05.dat,1,MAYOBS-DR-07-02-07,-20,-10,42,60,0,4,0.2577283263398008,0.6453904031791057,0.0,0.22653400283659447,0.1968848928079705,0.4023752149346913
87,DR_07_02_07_Smaps1_POI3_01.dat,0,MAYOBS-DR-07-02-07,-20,-10,42,60,0,4,,0.5360447476497447,0.0,,0.09604769836651106,0.21668888839130251
88,DR_07_02_07_Smaps1_POI3_02.dat,0,MAYOBS-DR-07-02-07,-20,-10,42,60,0,4,,0.5831595522412477,0.0,,0.1366513400460192,0.2966973253799733
89,DR_07_02_07_Smaps1_POI3_03.dat,1,MAYOBS-DR-07-02-07,-20,-10,42,60,0,4,0.2938636734515866,0.678043912649492,0.0,0.26013593305161276,0.23238867391360285,0.4578260711479747
90,DR_07_02_07_Smaps1_POI3_04.dat,1,MAYOBS-DR-07-02-07,-20,-10,42,60,0,4,0.3817714545911496,0.7099857377305218,0.0,0.3437703031309894,0.2706650929591865,0.5120683739964431
91,DR_07_02_07_Smaps1_POI3_05.dat,1,MAYOBS-DR-07-02-07,-20,-10,42,60,0,4,0.3865367799481269,0.7242978873140676,0.0,0.34838050674510945,0.2892111731400888,0.5363726819110317
92,DR_07_02_07_Smaps1_POI4_01.dat,0,MAYOBS-DR-07-02-07,-20,-10,42,60,0,4,,0.5653560374337203,0.0,,0.12084310688704358,0.266464123629375
93,DR_07_02_07_Smaps1_POI4_02.dat,0,MAYOBS-DR-07-02-07,-20,-10,42,60,0,4,,0.563881165433875,0.0,,0.11955905639027264,0.26395955623301026
94,DR_07_02_07_Smaps1_POI4_03.dat,1,MAYOBS-DR-07-02-07,-20,-10,42,60,0,4,0.30284092462656403,0.6193077116640555,0.0,0.2685539814373913,0.17060784735437007,0.3580826534209547
95,DR_07_02_07_Smaps1_POI4_04.dat,1,MAYOBS-DR-07-02-07,-20,-10,42,60,0,4,0.23084394152627005,0.6437073411401438,0.0,0.20182807117668236,0.19513819995946957,0.39951710771638016
96,DR_07_02_07_Smaps1_POI4_05.dat,1,MAYOBS-DR-07-02-07,-20,-10,42,60,0,4,0.24980861976641258,0.6684302306900036,0.0,0.21923000472123172,0.22159578484198772,0.44150050906714267
97,DR_07_02_07_Smaps1_POI5_01.dat,0,MAYOBS-DR-07-02-07,-20,-10,42,60,0,4,,0.5600065774378399,0.0,,0.11620416024570424,0.25737988913631715
98,DR_07_02_07_Smaps1_POI5_02.dat,0,MAYOBS-DR-07-02-07,-20,-10,42,60,0,4,,0.5661733492148586,0.0,,0.12155633919703557,0.26785204911709093
99,DR_07_02_07_Smaps1_POI5_03.dat,1,MAYOBS-DR-07-02-07,-20,-10,42,60,0,4,0.3392224888295825,0.6583276792617005,0.0,0.30295528216809736,0.21057000924118763,0.42434476881979877
100,DR_07_02_07_Smaps1_POI5_04.dat,1,MAYOBS-DR-07-02-07,-20,-10,42,60,0,4,0.2982562583762712,0.622700194039,0.0,0.2642514090513073,0.17393444195778063,0.3638436284411053
101,DR_07_02_07_Smaps1_POI5_05.dat,1,MAYOBS-DR-07-02-07,-20,-10,42,60,0,4,0.23324722506144402,0.6666173008109436,0.0,0.20402641951296588,0.21959405219695338,0.43842186558657925
102,DR_07_02_07_Smaps1_POI6_01.dat,0,MAYOBS-DR-07-02-07,-20,-10,42,60,0,4,,0.5754344962442998,0.0,,0.12972160570312397,0.28357895077724327
103,DR_07_02_07_Smaps1_POI6_02.dat,0,MAYOBS-DR-07-02-07,-20,-10,42,60,0,4,,0.5824107894607339,0.0,,0.13597487022040255,0.29542580700557663
104,DR_07_02_07_Smaps1_POI6_03.dat,1,MAYOBS-DR-07-02-07,-20,-10,42,60,0,4,0.2528318221356008,0.6482323397809854,0.0,0.2220156063260197,0.19985141713434518,0.4072012756073127
105,DR_07_02_07_Smaps1_POI6_04.dat,1,MAYOBS-DR-07-02-07,-20,-10,42,60,0,4,0.3428872651183146,0.6962835394147407,0.0,0.30644601683957884,0.25375647533864476,0.4887998604143631
106,DR_07_02_07_Smaps1_POI6_05.dat,1,MAYOBS-DR-07-02-07,-20,-10,42,60,0,4,0.2712383058111053,0.6601975943507474,0.0,0.23904383741106217,0.21258750895208955,0.4275201822566861
107,DR_07_02_07_Smaps1_POI7_01.dat,0,MAYOBS-DR-07-02-07,-20,-10,42,60,0,4,,0.5313946626209483,0.0,,0.09225531866131376,0.2087923039048729
108,DR_07_02_07_Smaps1_POI7_02.dat,0,MAYOBS-DR-07-02-07,-20,-10,42,60,0,4,,0.5855639332624476,0.0,,0.13883061084483161,0.300780347035254
109,DR_07_02_07_Smaps1_POI7_03.dat,1,MAYOBS-DR-07-02-07,-20,-10,42,60,0,4,0.3230456121481044,0.6267512021421479,0.0,0.2876022766377908,0.17794097490515437,0.3707228849587001
110,DR_07_02_07_Smaps1_POI7_04.dat,1,MAYOBS-DR-07-02-07,-20,-10,42,60,0,4,0.2853513967836447,0.6298842399615125,0.0,0.2521796955613119,0.1810657513237116,0.3760432818302806
111,DR_07_02_07_Smaps1_POI7_05.dat,1,MAYOBS-DR-07-02-07,-20,-10,42,60,0,4,0.23283970661347012,0.6590412310915716,0.0,0.20365351043913238,0.21133866023159875,0.4255564933958291
112,DR_07_02_07_Smaps1_POI8_01.dat,0,MAYOBS-DR-07-02-07,-20,-10,42,60,0,4,,0.565854365399728,0.0,,0.12127783449946228,0.2673103638295351
113,DR_07_02_07_Smaps1_POI8_02.dat,0,MAYOBS-DR-07-02-07,-20,-10,42,60,0,4,,0.5614388591771616,0.0,,0.11744123217789504,0.25981213149164706
114,DR_07_02_07_Smaps1_POI8_03.dat,1,MAYOBS-DR-07-02-07,-20,-10,42,60,0,4,0.28748569282086545,0.6298656091915374,0.0,0.254172216006289,0.18104710120674983,0.37601164381758956
115,DR_07_02_07_Smaps1_POI8_04.dat,1,MAYOBS-DR-07-02-07,-20,-10,42,60,0,4,0.3179093441549734,0.6314042188152367,0.0,0.2827465644743055,0.18259009804743642,0.3786244478437384
116,DR_07_02_07_Smaps1_POI8_05.dat,1,MAYOBS-DR-07-02-07,-20,-10,42,60,0,4,0.20655451128749275,0.6401433256687807,0.0,0.17972223273804136,0.19146387701776468,0.39346484219730304
117,DR_07_02_07_Smaps1_POI9_01.dat,0,MAYOBS-DR-07-02-07,-20,-10,42,60,0,4,,0.5831744305419271,0.0,,0.13666479235978612,0.2967225911025573
118,DR_07_02_07_Smaps1_POI9_02.dat,0,MAYOBS-DR-07-02-07,-20,-10,42,60,0,4,,0.5651667723693323,0.0,,0.12067811300385323,0.26614272142661655
119,DR_07_02_07_Smaps1_POI9_03.dat,1,MAYOBS-DR-07-02-07,-20,-10,42,60,0,4,0.2221097287282193,0.6074379791604784,0.0,0.1938555090634922,0.15916595157397673,0.33792595844325546
120,DR_07_02_07_Smaps1_POI9_04.dat,1,MAYOBS-DR-07-02-07,-20,-10,42,60,0,4,0.3152871594904653,0.6443242425244933,0.0,0.28027113573932205,0.19577755595269664,0.40056470445302983
121,DR_07_02_07_Smaps1_POI9_05.dat,1,MAYOBS-DR-07-02-07,-20,-10,42,60,0,4,0.31405293131333967,0.6418306600360209,0.0,0.27910680852212394,0.1931993334444857,0.3963302045090147
122,DR_13_01_01_Smap1_POI1_01.dat,0,MAYOBS-DR-13-01-01,-20,-10,42,60,0,4,,0.5376158713134856,0.0,,0.09733790503364104,0.21935690643237693
123,DR_13_01_01_Smap1_POI1_02.dat,0,MAYOBS-DR-13-01-01,-20,-10,42,60,0,4,,0.5863858524871024,0.0,,0.13957804878211177,0.3021760966953817
124,DR_13_01_01_Smap1_POI1_03.dat,1,MAYOBS-DR-13-01-01,-20,-10,42,60,0,4,0.3087605720298448,0.6135183756639108,0.0,0.2741201698871057,0.16498956077443505,0.3482514394619911
125,DR_13_01_01_Smap1_POI1_04.dat,1,MAYOBS-DR-13-01-01,-20,-10,42,60,0,4,0.2884323988567987,0.6250746585953801,0.0,0.25505654036772,0.17627826499159505,0.36787584717761757
126,DR_13_01_01_Smap1_POI1_05.dat,1,MAYOBS-DR-13-01-01,-20,-10,42,60,0,4,0.2479878726190278,0.6084750037738279,0.0,0.21755388292068198,0.1601537086605368,0.33968699128956037
127,DR_13_01_01_Smap1_POI2_01.dat,0,MAYOBS-DR-13-01-01,-20,-10,42,60,0,4,,0.5789535321559435,0.0,,0.13286480415220292,0.28955483384496994
128,DR_13_01_01_Smap1_POI2_02.dat,0,MAYOBS-DR-13-01-01,-20,-10,42,60,0,4,,0.5682909039450386,0.0,,0.12340977287396604,0.2714479940789474
129,DR_13_01_01_Smap1_POI2_03.dat,1,MAYOBS-DR-13-01-01,-20,-10,42,60,0,4,0.29913586201780923,0.6222486804494867,0.0,0.2650763260231506,0.1734902061375625,0.3630768865032088
130,DR_13_01_01_Smap1_POI2_04.dat,1,MAYOBS-DR-13-01-01,-20,-10,42,60,0,4,0.2812849960161591,0.6083236811630166,0.0,0.2483877846251759,0.16000943632305586,0.33943002141189615
131,DR_13_01_01_Smap1_POI2_05.dat,1,MAYOBS-DR-13-01-01,-20,-10,42,60,0,4,0.20117687568259762,0.6284634174872449,0.0,0.17485568843111218,0.17964581366853216,0.373630499130869
132,DR_13_01_01_Smap1_POI3_01.dat,0,MAYOBS-DR-13-01-01,-20,-10,42,60,0,4,,0.5314402685300827,0.0,,0.09229232086630368,0.20886974999721974
133,DR_13_01_01_Smap1_POI3_02.dat,0,MAYOBS-DR-13-01-01,-20,-10,42,60,0,4,,0.5639881396231065,0.0,,0.11965206007235529,0.26414121543233715
134,DR_13_01_01_Smap1_POI3_03.dat,1,MAYOBS-DR-13-01-01,-20,-10,42,60,0,4,0.22301848647036326,0.5903614603554556,0.0,0.1946837878740193,0.1432113197369651,0.30892731161359377
135,DR_13_01_01_Smap1_POI3_04.dat,1,MAYOBS-DR-13-01-01,-20,-10,42,60,0,4,0.2265359199450095,0.6021336934399645,0.0,0.1978924180504114,0.1541481187991337,0.3289184370597076
136,DR_13_01_01_Smap1_POI3_05.dat,1,MAYOBS-DR-13-01-01,-20,-10,42,60,0,4,0.20801383924929023,0.6203905484184729,0.0,0.18104459502910533,0.17166685588439623,0.35992148257425316
137,DR_13_01_01_Smap1_POI4_01.dat,0,MAYOBS-DR-13-01-01,-20,-10,42,60,0,4,,0.5391978406168372,0.0,,0.09864151946002997,0.2220433420957021
138,DR_13_01_01_Smap1_POI4_02.dat,0,MAYOBS-DR-13-01-01,-20,-10,42,60,0,4,,0.5392725786155753,0.0,,0.09870321843410468,0.22217025911285937
139,DR_13_01_01_Smap1_POI4_03.dat,1,MAYOBS-DR-13-01-01,-20,-10,42,60,0,4,0.274834830735154,0.5735080732825655,0.0,0.24238477340163778,0.12801044148935448,0.28030757797873984
140,DR_13_01_01_Smap1_POI4_04.dat,1,MAYOBS-DR-13-01-01,-20,-10,42,60,0,4,0.22505508799540838,0.5984227698371162,0.0,0.19654106897780244,0.15067126788426066,0.3226166981514704
141,DR_13_01_01_Smap1_POI4_05.dat,1,MAYOBS-DR-13-01-01,-20,-10,42,60,0,4,0.25845036365547186,0.6049112942537701,0.0,0.22720098752684298,0.15676857527559807,0.33363524532449507
142,DR_13_01_01_Smap1_POI5_01.dat,0,MAYOBS-DR-13-01-01,-20,-10,42,60,0,4,,0.542874661932787,0.0,,0.10168875377378817,0.22828716989306552
143,DR_13_01_01_Smap1_POI5_02.dat,0,MAYOBS-DR-13-01-01,-20,-10,42,60,0,4,,0.5349135702511891,0.0,,0.09512154310656673,0.21476796913036034
144,DR_13_01_01_Smap1_POI5_03.dat,1,MAYOBS-DR-13-01-01,-20,-10,42,60,0,4,0.19025617153421173,0.6664894823139645,0.0,0.1650037352038209,0.21945331229503406,0.43820480943511697
145,DR_13_01_01_Smap1_POI5_04.dat,1,MAYOBS-DR-13-01-01,-20,-10,42,60,0,4,0.15995572657005735,0.6914304035475564,0.0,0.13788508778975964,0.2479500286805043,0.4805584632867792
146,DR_13_01_01_Smap1_POI5_05.dat,-1,MAYOBS-DR-13-01-01,-20,-10,42,60,0,4,0.0,0.0,0.0,,,
147,DR_13_01_01_Smap1_POI6_01.dat,0,MAYOBS-DR-13-01-01,-20,-10,42,60,0,4,,0.6580387924764741,0.0,,0.21025924042815258,0.42385419307926364
148,DR_13_01_01_Smap1_POI6_02.dat,0,MAYOBS-DR-13-01-01,-20,-10,42,60,0,4,,0.6517505583209017,0.0,,0.2035543098095074,0.41317577064775346
149,DR_13_01_01_Smap1_POI6_03.dat,1,MAYOBS-DR-13-01-01,-20,-10,42,60,0,4,0.20054213422921388,0.5032349992073559,0.0,0.1742819342667225,0.07016226404861536,0.16097271353656417
150,DR_13_01_01_Smap1_POI6_04.dat,1,MAYOBS-DR-13-01-01,-20,-10,42,60,0,4,0.2112659424595356,0.5320718304104697,0.0,0.1839941264142172,0.0928051284368352,0.20994224258950567
151,DR_13_01_01_Smap1_POI6_05.dat,1,MAYOBS-DR-13-01-01,-20,-10,42,60,0,4,0.2056050177763605,0.5206056896336523,0.0,0.17886225059474148,0.08361016726839177,0.1904709105995036
152,DR_13_01_01_Smap1_POI7_01.dat,0,MAYOBS-DR-13-01-01,-20,-10,42,60,0,4,,0.5423769424211211,0.0,,0.10127484247627094,0.22744196294521934
153,DR_13_01_01_Smap1_POI7_02.dat,0,MAYOBS-DR-13-01-01,-20,-10,42,60,0,4,,0.5534092333095009,0.0,,0.11055285681288107,0.24617654877310602
154,DR_13_01_01_Smap1_POI7_03.dat,1,MAYOBS-DR-13-01-01,-20,-10,42,60,0,4,0.18338292980210313,0.5766298108603811,0.0,0.15882433584068242,0.13078673350511938,0.2856087852416237
155,DR_13_01_01_Smap1_POI7_04.dat,1,MAYOBS-DR-13-01-01,-20,-10,42,60,0,4,0.19157066539399897,0.599536223485415,0.0,0.16618739826639864,0.15171161693664748,0.3245075196635647
156,DR_13_01_01_Smap1_POI7_05.dat,1,MAYOBS-DR-13-01-01,-20,-10,42,60,0,4,0.24752739890336947,0.6087810317895281,0.0,0.21713016753400463,0.16044562387801076,0.3402066755676383
157,GFL_DR22_02_03_S_pt1_01.dat,1,GFL-DR22-02-03,-20,-10,42,60,0,4,0.10069880604206417,0.48324150669929367,0.0,0.08577031912588107,0.05546461569287309,0.12702058109360692
158,GFL_DR22_02_03_S_pt2_01.dat,1,GFL-DR22-02-03,-20,-10,42,60,0,4,0.07214263164884258,0.46428581573233935,0.0,0.06109054771153089,0.042398011528662294,0.09483080084394413
159,GFL_DR22_02_03_S_pt3_01.dat,1,GFL-DR22-02-03,-20,-10,42,60,0,4,0.10638342986279951,0.4740063411590226,0.0,0.09071700687262,0.048985824812952106,0.11133780013727934
160,GFL_DR22_02_03_S_pt4_01.dat,1,GFL-DR22-02-03,-20,-10,42,60,0,4,0.09831011055004557,0.4749224915227531,0.0,0.08369504856094459,0.04961920601683534,0.11289356926938554
161,GFL_DR22_02_03_S_pt5_01.dat,1,GFL-DR22-02-03,-20,-10,42,60,0,4,0.09442531852881557,0.4696992329680329,0.0,0.08032421044563803,0.04603654606370178,0.104023644909639
162,GFL_PL_08_01_S_pt1_01.dat,0,GFL_PL_08_01,-20,-10,42,60,0,4,,0.434483563158193,0.0,,0.023874468032052065,0.044221832646523906
163,GFL_PL_08_01_S_pt1_02.dat,0,GFL_PL_08_01,-20,-10,42,60,0,4,,0.4410824030826861,0.0,,0.027739318597096774,0.05542771310967565
164,GFL_PL_08_01_S_pt1_03.dat,1,GFL_PL_08_01,-20,-10,42,60,0,4,0.18209866660987198,0.47740954294943566,0.0,0.15767153244785967,0.0513491350851798,0.11711697843099755
165,GFL_PL_08_01_S_pt1_04.dat,1,GFL_PL_08_01,-20,-10,42,60,0,4,0.10065748502897605,0.49099948481701555,0.0,0.08573440310604045,0.06106263656473376,0.14019486269729586
166,GFL_PL_08_01_S_pt2_01.dat,0,GFL_PL_08_01,-20,-10,42,60,0,4,,0.4397258496244211,0.0,,0.026933098225746632,0.05312406942849324
167,GFL_PL_08_01_S_pt2_02.dat,0,GFL_PL_08_01,-20,-10,42,60,0,4,,0.44121371070988896,0.0,,0.027817672637748148,0.05565069435958803
168,GFL_PL_08_01_S_pt2_03.dat,1,GFL_PL_08_01,-20,-10,42,60,0,4,0.07822629018033954,0.4573540882332775,0.0,0.06632467768144042,0.037854719236101175,0.08305962429678837
169,GFL_PL_08_01_S_pt2_04.dat,1,GFL_PL_08_01,-20,-10,42,60,0,4,0.0838227837305171,0.49020339688455833,0.0,0.07115099916360573,0.060481890618428125,0.13884297868262818
170,GFL_PL_08_01_S_pt3_01.dat,0,GFL_PL_08_01,-20,-10,42,60,0,4,,0.434910236088149,0.0,,0.02411997447556158,0.04494639119085275
171,GFL_PL_08_01_S_pt3_02.dat,0,GFL_PL_08_01,-20,-10,42,60,0,4,,0.4432932835673265,0.0,,0.029065963220166413,0.05918214005633293
172,GFL_PL_08_01_S_pt3_03.dat,1,GFL_PL_08_01,-20,-10,42,60,0,4,0.07999328068875508,0.46216684024128124,0.0,0.0678473277733905,0.04099510622030689,0.09123244320398838
173,GFL_PL_08_01_S_pt3_04.dat,1,GFL_PL_08_01,-20,-10,42,60,0,4,0.10480405895442295,0.4922133497735376,0.0,0.08934153465669181,0.06195087160712409,0.14225619859221683
174,GFL_PL_08_01_S_pt4_01.dat,0,GFL_PL_08_01,-20,-10,42,60,0,4,,0.4479914668106917,0.0,,0.03193620889831705,0.06716040296641212
175,GFL_PL_08_01_S_pt4_02.dat,0,GFL_PL_08_01,-20,-10,42,60,0,4,,0.44900511847580193,0.0,,0.03256440143781969,0.06888174482656828
176,GFL_PL_08_01_S_pt4_03.dat,1,GFL_PL_08_01,-20,-10,42,60,0,4,0.07630247493447505,0.46680152211137155,0.0,0.06466811916697171,0.04407927140591206,0.09910287067536816
177,GFL_PL_08_01_S_pt4_04.dat,1,GFL_PL_08_01,-20,-10,42,60,0,4,0.0992869189262593,0.49395659136085324,0.0,0.08454344919054654,0.06323217651185187,0.14521650026180977
178,GFL_PL_08_01_S_pt5_01.dat,0,GFL_PL_08_01,-20,-10,42,60,0,4,,0.43943682657134814,0.0,,0.02676210010754332,0.05263326228346621
179,GFL_PL_08_01_S_pt5_02.dat,0,GFL_PL_08_01,-20,-10,42,60,0,4,,0.4407606476400012,0.0,,0.027547555399355383,0.05488132115740052
180,GFL_PL_08_01_S_pt5_03.dat,1,GFL_PL_08_01,-20,-10,42,60,0,4,0.1633177728489808,0.4618262394241071,0.0,0.140878395918988,0.040770747010571484,0.0906540488064006
181,GFL_PL_08_01_S_pt5_04.dat,1,GFL_PL_08_01,-20,-10,42,60,0,4,0.09560806432555101,0.48589146573109276,0.0,0.08134992637718204,0.057361239199348324,0.1315206332970813
182,GFL_PL_08_01_S_quick_01.dat,0,GFL_PL_08_01,-20,-10,42,60,0,4,,0.4354380919825089,0.0,,0.024424553768192414,0.04584277451301999
183,GFL_PL_08_01_S_quick_02.dat,0,GFL_PL_08_01,-20,-10,42,60,0,4,,0.45145681259345094,0.0,,0.03409661673138509,0.07304511164997207
184,GFL_PL_08_01_S_quick_03.dat,0,GFL_PL_08_01,-20,-10,42,60,0,4,,0.45234351619258184,0.0,,0.03465518978670967,0.07455087548904116
185,GFL_PL_08_01_S_quick_04.dat,0,GFL_PL_08_01,-20,-10,42,60,0,4,,0.4664547050146206,0.0,,0.04384649016113229,0.09851392004567594
186,GFL_PL_08_01_S_quick_05.dat,0,GFL_PL_08_01,-20,-10,42,60,0,4,,0.46133228476303895,0.0,,0.040445937123395614,0.08981523517408307
187,GFL_PL_08_01_S_quick_06.dat,0,GFL_PL_08_01,-20,-10,42,60,0,4,,0.46309022872983663,0.0,,0.041604952291927844,0.09280050382406724
188,GFL_PL_08_01_S_quick_07.dat,0,GFL_PL_08_01,-20,-10,42,60,0,4,,0.47644051340486393,0.0,,0.050673287991940485,0.11547141203357247
189,GFL_PL_08_01_S_quick_08.dat,0,GFL_PL_08_01,-20,-10,42,60,0,4,,0.47804779841607703,0.0,,0.05179554110392359,0.11820083779809465
190,GFL_PL_08_01_S_quick_09.dat,0,GFL_PL_08_01,-20,-10,42,60,0,4,,0.4761841096801498,0.0,,0.05049484642000468,0.115035997699791
191,GFL_PL_08_01_S_quick_10.dat,0,GFL_PL_08_01,-20,-10,42,60,0,4,,0.4839745409193473,0.0,,0.0559876228754157,0.1282653898689844
192,GFL_PL_11_07_S_01.dat,1,GFL_PL_11_07,-20,-10,42,60,0,4,0.09261304560488134,0.48153744151582833,0.0,0.07875348858642202,0.054253685865879864,0.12412680719306812
193,GFL_PL_11_07_S_02.dat,1,GFL_PL_11_07,-20,-10,42,60,0,4,0.11596260366675179,0.524015105399177,0.0,0.09907802173951255,0.08631857470114113,0.19626064121197784
194,GFL_PL_11_07_S_03.dat,1,GFL_PL_11_07,-20,-10,42,60,0,4,0.12944790968929276,0.53029540922567,0.0,0.11090233779104025,0.09136459827990717,0.20692559668251997
195,GFL_PL_11_07_S_04.dat,1,GFL_PL_11_07,-20,-10,42,60,0,4,0.13577237684915472,0.5476374273006523,0.0,0.11646953017528588,0.10567188086866741,0.2363751035294368
196,GFL_PL_11_07_S_carto2b_obl_pt1_01.dat,0,GFL_PL_11_07,-20,-10,42,60,0,4,,0.48123359227453355,0.0,,0.05403848988716009,0.12361082282070435
197,GFL_PL_11_07_S_carto2b_obl_pt1_02.dat,0,GFL_PL_11_07,-20,-10,42,60,0,4,,0.4813527804254839,0.0,,0.05412287663958393,0.12381322327100419
198,GFL_PL_11_07_S_carto2b_obl_pt1_03.dat,1,GFL_PL_11_07,-20,-10,42,60,0,4,0.2229247542705157,0.5077566017556632,0.0,0.1945983432912278,0.0736047762641131,0.16865111432185154
199,GFL_PL_11_07_S_carto2b_obl_pt1_04.dat,1,GFL_PL_11_07,-20,-10,42,60,0,4,0.23162013666247727,0.5112218177604391,0.0,0.2025378589572223,0.07627106498412484,0.17453560262174028
200,GFL_PL_11_07_S_carto2b_obl_pt2_01.dat,0,GFL_PL_11_07,-20,-10,42,60,0,4,,0.45216041293095,0.0,,0.03453965442713669,0.07423993700807519
201,GFL_PL_11_07_S_carto2b_obl_pt2_02.dat,0,GFL_PL_11_07,-20,-10,42,60,0,4,,0.4624017255858501,0.0,,0.04115001403516316,0.09163131590341766
202,GFL_PL_11_07_S_carto2b_obl_pt2_03.dat,1,GFL_PL_11_07,-20,-10,42,60,0,4,0.1365726559867211,0.4787115551178051,0.0,0.11717497414967565,0.05226083589861985,0.1193280023211456
203,GFL_PL_11_07_S_carto2b_obl_pt2_04.dat,1,GFL_PL_11_07,-20,-10,42,60,0,4,0.15343706740442975,0.4846930528580331,0.0,0.13209253573769703,0.05650148818888323,0.12948553749923308
204,GFL_PL_11_07_S_carto2b_obl_pt3_01.dat,0,GFL_PL_11_07,-20,-10,42,60,0,4,,0.44347667577076305,0.0,,0.02917670744955203,0.05949356920647131
205,GFL_PL_11_07_S_carto2b_obl_pt3_02.dat,0,GFL_PL_11_07,-20,-10,42,60,0,4,,0.4468426164132841,0.0,,0.031228023874195654,0.0652094721405847
206,GFL_PL_11_07_S_carto2b_obl_pt3_03.dat,1,GFL_PL_11_07,-20,-10,42,60,0,4,0.08912862477639628,0.460212233639271,0.0,0.07573669155800776,0.03971191902086024,0.08791321009858821
207,GFL_PL_11_07_S_carto2b_obl_pt3_04.dat,1,GFL_PL_11_07,-20,-10,42,60,0,4,0.0849369921427615,0.46102075806729664,0.0,0.0721131694582231,0.04024143193743224,0.08928621326212371
208,GFL_PL_11_07_S_carto2b_obl_pt4_01.dat,0,GFL_PL_11_07,-20,-10,42,60,0,4,,0.4619027018004517,0.0,,0.040821086313634236,0.09078389409118548
209,GFL_PL_11_07_S_carto2b_obl_pt4_02.dat,0,GFL_PL_11_07,-20,-10,42,60,0,4,,0.4605999451167938,0.0,,0.039965610209557245,0.08857160589558066
210,GFL_PL_11_07_S_carto2b_obl_pt4_03.dat,1,GFL_PL_11_07,-20,-10,42,60,0,4,0.07342810393624447,0.4542302950650713,0.0,0.062195446375390304,0.03585145726527805,0.07775492631425363
211,GFL_PL_11_07_S_carto2b_obl_pt4_04.dat,1,GFL_PL_11_07,-20,-10,42,60,0,4,0.07503405375719818,0.4567318096795773,0.0,0.06357660897801762,0.03745342557387865,0.08200289627075086
212,GFL_PL_11_07_S_carto2b_obl_pt5_01.dat,0,GFL_PL_11_07,-20,-10,42,60,0,4,,0.468923371773449,0.0,,0.04551033682809413,0.10270610911516787
213,GFL_PL_11_07_S_carto2b_obl_pt5_02.dat,0,GFL_PL_11_07,-20,-10,42,60,0,4,,0.4707860907274094,0.0,,0.04677629888294055,0.10586930236934133
214,GFL_PL_11_07_S_carto2b_obl_pt5_03.dat,1,GFL_PL_11_07,-20,-10,42,60,0,4,0.24277730135185663,0.4694441318902832,0.0,0.2127635462862119,0.04586335754766857,0.10359044267773254
215,GFL_PL_11_07_S_carto2b_obl_pt5_04.dat,1,GFL_PL_11_07,-20,-10,42,60,0,4,0.24829593992665408,0.4684556122061888,0.0,0.2178373991075852,0.045193846582501584,0.10191177892134728
216,GFL_PL_11_07_S_carto2b_obl_pt6_01.dat,0,GFL_PL_11_07,-20,-10,42,60,0,4,,0.4482054117856843,0.0,,0.03206853708937807,0.0675237155854318
217,GFL_PL_11_07_S_carto2b_obl_pt6_02.dat,0,GFL_PL_11_07,-20,-10,42,60,0,4,,0.45232841195393186,0.0,,0.0346456554958805,0.07452522608782286
218,GFL_PL_11_07_S_carto2b_obl_pt6_03.dat,1,GFL_PL_11_07,-20,-10,42,60,0,4,0.1468424224218904,0.4578309721803995,0.0,0.1262474484206221,0.038162995722755055,0.0838694491398505
219,GFL_PL_11_07_S_carto2b_obl_pt6_04.dat,1,GFL_PL_11_07,-20,-10,42,60,0,4,0.15565129805006286,0.4546780846022147,0.0,0.13405847366029067,0.036136893844334494,0.07851534421850581
220,GFL_PL_11_07_S_carto2b_obl_pt7_01.dat,0,GFL_PL_11_07,-20,-10,42,60,0,4,,0.44252845455469475,0.0,,0.028605259900402413,0.05788333866269857
221,GFL_PL_11_07_S_carto2b_obl_pt7_02.dat,0,GFL_PL_11_07,-20,-10,42,60,0,4,,0.4473647300695188,0.0,,0.03154936809254061,0.06609610422848078
222,GFL_PL_11_07_S_carto2b_obl_pt7_03.dat,1,GFL_PL_11_07,-20,-10,42,60,0,4,0.07775306822245391,0.4599094891355567,0.0,0.06591707683379366,0.03951411460198384,0.08739910174646603
223,GFL_PL_11_07_S_carto2b_obl_pt7_04.dat,1,GFL_PL_11_07,-20,-10,42,60,0,4,0.06527265178235378,0.4572741664080618,0.0,0.055195321336970145,0.03780311775963574,0.08292390431721441
224,GFL_PL_11_07_S_carto2b_obl_pt8_01.dat,0,GFL_PL_11_07,-20,-10,42,60,0,4,,0.44686048284695035,0.0,,0.031239006231747246,0.06523981218857167
225,GFL_PL_11_07_S_carto2b_obl_pt8_02.dat,0,GFL_PL_11_07,-20,-10,42,60,0,4,,0.4487397203210275,0.0,,0.032399623853349824,0.06843105651899095
226,GFL_PL_11_07_S_carto2b_obl_pt8_03.dat,1,GFL_PL_11_07,-20,-10,42,60,0,4,0.10572971857165335,0.45738673495245624,0.0,0.09014758563268586,0.037875802788925994,0.08311506362200571
227,GFL_PL_11_07_S_carto2b_obl_pt8_04.dat,1,GFL_PL_11_07,-20,-10,42,60,0,4,0.09638267561837444,0.4603003544956618,0.0,0.08202195744202632,0.03976954249334763,0.0880628533380553
228,GFL_PL_11_07_S_carto2b_start_01.dat,1,GFL_PL_11_07,-20,-10,42,60,0,4,0.05097378229843939,0.4552644584574299,0.0,0.042977716550885434,0.03651154755414321,0.0795111003519241
229,GFL_PL_11_07_S_carto2b_start_02.dat,0,GFL_PL_11_07,-20,-10,42,60,0,4,,,0.0,,,
230,GFL_PL_11_07_S_carto2b_vert_pt10_01.dat,0,GFL_PL_11_07,-20,-10,42,60,0,4,,0.46246118334263936,0.0,,0.041189250585165205,0.09173228463774241
231,GFL_PL_11_07_S_carto2b_vert_pt10_02.dat,0,GFL_PL_11_07,-20,-10,42,60,0,4,,0.4644389235905112,0.0,,0.04249985025464753,0.09509080235576672
232,GFL_PL_11_07_S_carto2b_vert_pt10_03.dat,1,GFL_PL_11_07,-20,-10,42,60,0,4,0.23530760169643655,0.47647395907445006,0.0,0.20591269545855215,0.05069657611854861,0.11552820810374254
233,GFL_PL_11_07_S_carto2b_vert_pt10_04.dat,1,GFL_PL_11_07,-20,-10,42,60,0,4,0.24237259109648848,0.4776044343515303,0.0,0.21239186990793962,0.05148533969155711,0.11744793505066986
234,GFL_PL_11_07_S_carto2b_vert_pt11_01.dat,0,GFL_PL_11_07,-20,-10,42,60,0,4,,0.44694403617499356,0.0,,0.03129037886209174,0.06538169903793667
235,GFL_PL_11_07_S_carto2b_vert_pt11_02.dat,0,GFL_PL_11_07,-20,-10,42,60,0,4,,0.44641949577285733,0.0,,0.030968222674175316,0.06449094594925897
236,GFL_PL_11_07_S_carto2b_vert_pt11_03.dat,1,GFL_PL_11_07,-20,-10,42,60,0,4,0.22096499094004313,0.4699330885596411,0.0,0.1928125558087004,0.046195458950772816,0.1044207689246458
237,GFL_PL_11_07_S_carto2b_vert_pt11_04.dat,1,GFL_PL_11_07,-20,-10,42,60,0,4,0.22380687936575602,0.4656870526038166,0.0,0.19540259314112446,0.04333238228521885,0.09721032407257302
238,GFL_PL_11_07_S_carto2b_vert_pt12_01.dat,0,GFL_PL_11_07,-20,-10,42,60,0,4,,0.4420864392783203,0.0,,0.02833985643345649,0.05713272637226341
239,GFL_PL_11_07_S_carto2b_vert_pt12_02.dat,0,GFL_PL_11_07,-20,-10,42,60,0,4,,0.4396501040932649,0.0,,0.02688825765945746,0.05299544146093127
240,GFL_PL_11_07_S_carto2b_vert_pt12_03.dat,1,GFL_PL_11_07,-20,-10,42,60,0,4,0.1585366911534842,0.45830320733004504,0.0,0.13662286325653233,0.03846890117081103,0.08467137958489512
241,GFL_PL_11_07_S_carto2b_vert_pt12_04.dat,1,GFL_PL_11_07,-20,-10,42,60,0,4,0.18365119686764395,0.4606492129704363,0.0,0.15906521472049745,0.03999787748390582,0.08865527055253719
242,GFL_PL_11_07_S_carto2b_vert_pt13_01.dat,0,GFL_PL_11_07,-20,-10,42,60,0,4,,0.44518132557840645,0.0,,0.03021115736591351,0.06238833589191317
243,GFL_PL_11_07_S_carto2b_vert_pt13_02.dat,0,GFL_PL_11_07,-20,-10,42,60,0,4,,0.44816906826907943,0.0,,0.03204604823178003,0.06746199850980261
244,GFL_PL_11_07_S_carto2b_vert_pt13_03.dat,1,GFL_PL_11_07,-20,-10,42,60,0,4,0.13998372958277358,0.46343232665993966,0.0,0.12018431613105961,0.041831478038054204,0.09338144055768871
245,GFL_PL_11_07_S_carto2b_vert_pt13_04.dat,1,GFL_PL_11_07,-20,-10,42,60,0,4,0.1444794397450284,0.45217064938770246,0.0,0.12415671424389335,0.034546110860765644,0.07425732014087538
246,GFL_PL_11_07_S_carto2b_vert_pt14_01.dat,0,GFL_PL_11_07,-20,-10,42,60,0,4,,0.4457784667361514,0.0,,0.03057567806863759,0.06340237661875081
247,GFL_PL_11_07_S_carto2b_vert_pt14_02.dat,0,GFL_PL_11_07,-20,-10,42,60,0,4,,0.4546920959152629,0.0,,0.036145834530589394,0.07853913765810228
248,GFL_PL_11_07_S_carto2b_vert_pt14_03.dat,1,GFL_PL_11_07,-20,-10,42,60,0,4,0.12617996849958607,0.45869744096618625,0.0,0.10803112364448611,0.03872476027028815,0.08534085104528844
249,GFL_PL_11_07_S_carto2b_vert_pt14_04.dat,1,GFL_PL_11_07,-20,-10,42,60,0,4,0.11297995181573699,0.45773164674446487,0.0,0.09647125636634857,0.038098734731131345,0.08370077874099724
250,GFL_PL_11_07_S_carto2b_vert_pt15_01.dat,0,GFL_PL_11_07,-20,-10,42,60,0,4,,0.46401781767632033,0.0,,0.042219906387362616,0.09437569749025332
251,GFL_PL_11_07_S_carto2b_vert_pt15_02.dat,0,GFL_PL_11_07,-20,-10,42,60,0,4,,0.47250373804291274,0.0,,0.047951562954599014,0.10878614089181271
252,GFL_PL_11_07_S_carto2b_vert_pt15_03.dat,1,GFL_PL_11_07,-20,-10,42,60,0,4,0.08560693386937726,0.46498587821124215,0.0,0.07269190214424666,0.04286416838946561,0.09601961835506523
253,GFL_PL_11_07_S_carto2b_vert_pt15_04.dat,1,GFL_PL_11_07,-20,-10,42,60,0,4,0.09944614854644747,0.4687523035387342,0.0,0.08468177840094426,0.045394524398504554,0.10241560802540195
254,GFL_PL_11_07_S_carto2b_vert_pt16_01.dat,0,GFL_PL_11_07,-20,-10,42,60,0,4,,0.4760604430448636,0.0,,0.05040883988536993,0.11482599207029343
255,GFL_PL_11_07_S_carto2b_vert_pt16_02.dat,0,GFL_PL_11_07,-20,-10,42,60,0,4,,0.4820580285374369,0.0,,0.05462289266676468,0.12501084681238983
256,GFL_PL_11_07_S_carto2b_vert_pt16_03.dat,1,GFL_PL_11_07,-20,-10,42,60,0,4,0.08072606208929493,0.4722665611711944,0.0,0.06847909720860583,0.04778883242507581,0.10838337681456411
257,GFL_PL_11_07_S_carto2b_vert_pt16_04.dat,1,GFL_PL_11_07,-20,-10,42,60,0,4,0.0747752137172623,0.48188756065833305,0.0,0.06335393874154585,0.054501923904052285,0.12472136522200394
258,GFL_PL_11_07_S_carto2b_vert_pt17_01.dat,0,GFL_PL_11_07,-20,-10,42,60,0,4,,0.4679750374366871,0.0,,0.044869280625730035,0.1010956864744531
259,GFL_PL_11_07_S_carto2b_vert_pt17_02.dat,0,GFL_PL_11_07,-20,-10,42,60,0,4,,0.4685374262498106,0.0,,0.04524916150718383,0.10205071218894035
260,GFL_PL_11_07_S_carto2b_vert_pt17_03.dat,1,GFL_PL_11_07,-20,-10,42,60,0,4,0.10180179938739511,0.4852249413917446,0.0,0.08672925421083379,0.056882658383064943,0.1303887688848543
261,GFL_PL_11_07_S_carto2b_vert_pt17_04.dat,1,GFL_PL_11_07,-20,-10,42,60,0,4,0.11754367103035486,0.4956561420383102,0.0,0.10046108672068242,0.06448777861172372,0.14810260781261753
262,GFL_PL_11_07_S_carto2b_vert_pt1_01.dat,0,GFL_PL_11_07,-20,-10,42,60,0,4,,0.4376472727911765,0.0,,0.02570942323561687,0.04959431513935508
263,GFL_PL_11_07_S_carto2b_vert_pt1_02.dat,0,GFL_PL_11_07,-20,-10,42,60,0,4,,0.44034603394876204,0.0,,0.027300943045690196,0.05417724111976119
264,GFL_PL_11_07_S_carto2b_vert_pt1_03.dat,1,GFL_PL_11_07,-20,-10,42,60,0,4,0.03188767200301526,0.43976855632747497,0.0,0.0267801002864619,0.02695838839178566,0.05319659220747763
265,GFL_PL_11_07_S_carto2b_vert_pt1_04.dat,1,GFL_PL_11_07,-20,-10,42,60,0,4,0.04397489154802396,0.44701736775670464,0.0,0.03702337801383465,0.03133548437812428,0.06550622773513659
266,GFL_PL_11_07_S_carto2b_vert_pt2_01.dat,0,GFL_PL_11_07,-20,-10,42,60,0,4,,0.43480428478487954,0.0,,0.024058952797115007,0.044766469014691834
267,GFL_PL_11_07_S_carto2b_vert_pt2_02.dat,0,GFL_PL_11_07,-20,-10,42,60,0,4,,0.4341961740053449,0.0,,0.023709453424409332,0.043733800124130306
268,GFL_PL_11_07_S_carto2b_vert_pt2_03.dat,1,GFL_PL_11_07,-20,-10,42,60,0,4,0.051091779569003896,0.4471004966617264,0.0,0.0430782488049401,0.03138663613825832,0.06564739384666018
269,GFL_PL_11_07_S_carto2b_vert_pt2_04.dat,1,GFL_PL_11_07,-20,-10,42,60,0,4,0.06769422941928654,0.44918573533592665,0.0,0.05727144436164385,0.032676662966282244,0.06918846100203957
270,GFL_PL_11_07_S_carto2b_vert_pt3_01.dat,0,GFL_PL_11_07,-20,-10,42,60,0,4,,0.4299532824300124,0.0,,0.02130630445203263,0.03652869493059263
271,GFL_PL_11_07_S_carto2b_vert_pt3_02.dat,0,GFL_PL_11_07,-20,-10,42,60,0,4,,0.4347978850281299,0.0,,0.024055268133586494,0.04475560120914568
272,GFL_PL_11_07_S_carto2b_vert_pt3_03.dat,1,GFL_PL_11_07,-20,-10,42,60,0,4,0.08716123645869844,0.45533528580512206,0.0,0.07403519373922901,0.036556868752558924,0.07963137646118601
273,GFL_PL_11_07_S_carto2b_vert_pt3_04.dat,1,GFL_PL_11_07,-20,-10,42,60,0,4,0.07221929101388613,0.45852691256286215,0.0,0.06115642247774044,0.038614033008852355,0.0850512666751434
274,GFL_PL_11_07_S_carto2b_vert_pt4_01.dat,0,GFL_PL_11_07,-20,-10,42,60,0,4,,0.44230666947514347,0.0,,0.028472013386807715,0.05750671229830728
275,GFL_PL_11_07_S_carto2b_vert_pt4_02.dat,0,GFL_PL_11_07,-20,-10,42,60,0,4,,0.44490028230147144,0.0,,0.03003998132324881,0.06191107967682963
276,GFL_PL_11_07_S_carto2b_vert_pt4_03.dat,1,GFL_PL_11_07,-20,-10,42,60,0,4,0.0786548468433709,0.46194928549875963,0.0,0.066693873890132,0.04085176273508406,0.09086300062517383
277,GFL_PL_11_07_S_carto2b_vert_pt4_04.dat,1,GFL_PL_11_07,-20,-10,42,60,0,4,0.09063113780181326,0.46345354384159276,0.0,0.07703704501208504,0.04184553780204692,0.09341747070906237
278,GFL_PL_11_07_S_carto2b_vert_pt5_01.dat,0,GFL_PL_11_07,-20,-10,42,60,0,4,,0.4414036812083619,0.0,,0.027931130315282937,0.05597329450169963
279,GFL_PL_11_07_S_carto2b_vert_pt5_02.dat,0,GFL_PL_11_07,-20,-10,42,60,0,4,,0.44002607928044585,0.0,,0.02711101484869549,0.053633907168975314
280,GFL_PL_11_07_S_carto2b_vert_pt5_03.dat,1,GFL_PL_11_07,-20,-10,42,60,0,4,0.06572700829401051,0.4618954562431204,0.0,0.05558470588571436,0.040816315484755505,0.09077158998163404
281,GFL_PL_11_07_S_carto2b_vert_pt5_04.dat,1,GFL_PL_11_07,-20,-10,42,60,0,4,0.0636451614347115,0.46440241099316,0.0,0.053801145634262755,0.042475558399732494,0.09502879815411935
282,GFL_PL_11_07_S_carto2b_vert_pt6_01.dat,0,GFL_PL_11_07,-20,-10,42,60,0,4,,0.44887198806249107,0.0,,0.03248171814145617,0.06865566819572988
283,GFL_PL_11_07_S_carto2b_vert_pt6_02.dat,0,GFL_PL_11_07,-20,-10,42,60,0,4,,0.4498359929055038,0.0,,0.03308164363745414,0.07029270185017633
284,GFL_PL_11_07_S_carto2b_vert_pt6_03.dat,1,GFL_PL_11_07,-20,-10,42,60,0,4,0.06412220445944591,0.46493253643981197,0.0,0.054209705356766995,0.042828602911377245,0.09592903553730048
285,GFL_PL_11_07_S_carto2b_vert_pt6_04.dat,1,GFL_PL_11_07,-20,-10,42,60,0,4,0.05875292972508529,0.46605224310057447,0.0,0.049615784709635624,0.0435767602467948,0.09783047565978731
286,GFL_PL_11_07_S_carto2b_vert_pt7_01.dat,0,GFL_PL_11_07,-20,-10,42,60,0,4,,0.4551372120834097,0.0,,0.03643016116780251,0.07929501575630482
287,GFL_PL_11_07_S_carto2b_vert_pt7_02.dat,0,GFL_PL_11_07,-20,-10,42,60,0,4,,0.4564504369681847,0.0,,0.037272336999684796,0.08152508062352548
288,GFL_PL_11_07_S_carto2b_vert_pt7_03.dat,1,GFL_PL_11_07,-20,-10,42,60,0,4,0.08415034787793964,0.4603659275375915,0.0,0.07143382124017968,0.039812435624456466,0.08817420679985721
289,GFL_PL_11_07_S_carto2b_vert_pt7_04.dat,1,GFL_PL_11_07,-20,-10,42,60,0,4,0.0871172822749045,0.4639735367333961,0.0,0.07399719523889113,0.04219049697990618,0.094300501401413
290,GFL_PL_11_07_S_carto2b_vert_pt8_01.dat,0,GFL_PL_11_07,-20,-10,42,60,0,4,,0.4652490459280382,0.0,,0.04303974629716811,0.09646651902395875
291,GFL_PL_11_07_S_carto2b_vert_pt8_02.dat,0,GFL_PL_11_07,-20,-10,42,60,0,4,,0.464872868328138,0.0,,0.04278882840345255,0.09582770958690146
292,GFL_PL_11_07_S_carto2b_vert_pt8_03.dat,1,GFL_PL_11_07,-20,-10,42,60,0,4,0.13132796911240538,0.4655318894180629,0.0,0.11255583587763686,0.0432286578500134,0.09694683228739054
293,GFL_PL_11_07_S_carto2b_vert_pt8_04.dat,1,GFL_PL_11_07,-20,-10,42,60,0,4,0.13707230797056127,0.46449272972906375,0.0,0.1176155286320641,0.042535654052687,0.0951821737428139
294,GFL_PL_11_07_S_carto2b_vert_pt9_01.dat,0,GFL_PL_11_07,-20,-10,42,60,0,4,,0.4683989720199789,0.0,,0.045155562081365286,0.10181559487031089
295,GFL_PL_11_07_S_carto2b_vert_pt9_02.dat,0,GFL_PL_11_07,-20,-10,42,60,0,4,,0.465192346780266,0.0,,0.04300190259240311,0.09637023484680518
296,GFL_PL_11_07_S_carto2b_vert_pt9_03.dat,1,GFL_PL_11_07,-20,-10,42,60,0,4,0.24527168043580652,0.4705917035271153,0.0,0.2150555785664787,0.04664376886566446,0.10553920196457522
297,GFL_PL_11_07_S_carto2b_vert_pt9_04.dat,1,GFL_PL_11_07,-20,-10,42,60,0,4,0.277171442554827,0.4724029489913967,0.0,0.24455773520831336,0.047882392668262996,0.10861498504075306
298,GFL_PL_11_07_S_pt2_01.dat,1,GFL_PL_11_07,-20,-10,42,60,0,4,0.0788865312569812,0.4798282520532534,0.0,0.0668934936259238,0.05304605110223937,0.12122433145102107
299,GFL_PL_11_07_S_pt3_01.dat,1,GFL_PL_11_07,-20,-10,42,60,0,4,0.08231499372377395,0.4812783546932763,0.0,0.069849638158374,0.05407017829079519,0.1236868365321161
300,GFL_PL_11_07_S_pt4_01.dat,1,GFL_PL_11_07,-20,-10,42,60,0,4,0.08235030709912446,0.4822470764894274,0.0,0.0698801078274457,0.054757126882219787,0.12533188032374176
301,GFL_PL_11_07_S_pt5_01.dat,1,GFL_PL_11_07,-20,-10,42,60,0,4,0.09616686524787678,0.4826457992584047,0.0,0.08183470550918245,0.05504051864322257,0.12600897504618114
302,GFL_PL_11_07_S_quick_01.dat,0,GFL_PL_11_07,-20,-10,42,60,0,4,,0.45228569520595224,0.0,,0.03461869492964542,0.07445268625095591
303,GFL_PL_11_07_S_quick_02.dat,0,GFL_PL_11_07,-20,-10,42,60,0,4,,0.4640898774014889,0.0,,0.042267776526195955,0.09449806637261537
304,GFL_PL_11_07_S_quick_03.dat,0,GFL_PL_11_07,-20,-10,42,60,0,4,,0.4701251198756142,0.0,,0.046326056462114185,0.1047468686628723
305,GFL_PL_11_07_S_quick_04.dat,0,GFL_PL_11_07,-20,-10,42,60,0,4,,0.4715175195891772,0.0,,0.04727584324764467,0.10711138499084072
306,GFL_PL_11_07_S_quick_05.dat,0,GFL_PL_11_07,-20,-10,42,60,0,4,,0.4895425791692223,0.0,,0.06000090408019931,0.13772080502623996
307,GFL_PL_11_07_S_quick_06.dat,0,GFL_PL_11_07,-20,-10,42,60,0,4,,0.4917952802747757,0.0,,0.06164458315254828,0.14154625004337773
308,GFL_PL_11_07_S_quick_07.dat,0,GFL_PL_11_07,-20,-10,42,60,0,4,,0.4995592593825888,0.0,,0.0673949425920749,0.15473072228335916
309,GFL_PL_11_07_S_quick_08.dat,0,GFL_PL_11_07,-20,-10,42,60,0,4,,0.5007180958174231,0.0,,0.06826432570803631,0.15669861099011473
310,GFL_PL_11_07_S_quick_09.dat,0,GFL_PL_11_07,-20,-10,42,60,0,4,,0.49854255155774846,0.0,,0.06663452883599097,0.15300419057756276
311,GFL_PL_11_07_S_quick_10.dat,0,GFL_PL_11_07,-20,-10,42,60,0,4,,0.5145054776237239,0.0,,0.07881969111157494,0.18011177969690173
312,GFL_PL_11_07_S_quick_full_01.dat,-1,GFL_PL_11_07,-20,-10,42,60,0,4,0.0,0.0,0.0,,,
313,GFL_PL_11_07_S_quick_full_02.dat,-1,GFL_PL_11_07,-20,-10,42,60,0,4,0.0,0.0,0.0,,,
314,GFL_PL_11_07_carto1lnew_S_POI10_03.dat,1,GFL_PL_11_07,-20,-10,42,60,0,4,0.2444517923678369,0.5517389084755249,0.0,0.21430196280711358,0.1091342656611054,0.24334007135611424
315,GFL_PL_11_07_carto1lnew_S_POI11_01.dat,1,GFL_PL_11_07,-20,-10,42,60,0,4,0.23578614318725005,0.6084021739363612,0.0,0.20635101101292594,0.16008426610606707,0.33956331463394496
316,GFL_PL_11_07_carto1lnew_S_POI12_01.dat,-1,GFL_PL_11_07,-20,-10,42,60,0,4,0.0,0.0,0.0,,,
317,GFL_PL_11_07_carto1lnew_S_POI1_03.dat,1,GFL_PL_11_07,-20,-10,42,60,0,4,0.1028871841610452,0.5005478410477664,0.0,0.08767329214833325,0.0681364195712888,0.15640949129348847
318,GFL_PL_11_07_carto1lnew_S_POI2_03.dat,1,GFL_PL_11_07,-20,-10,42,60,0,4,0.2351443014970312,0.46964570250057475,0.0,0.2057631403488202,0.04600019017411039,0.10393274165598587
319,GFL_PL_11_07_carto1lnew_S_POI3_03.dat,1,GFL_PL_11_07,-20,-10,42,60,0,4,0.221247701455749,0.45427154962035793,0.0,0.19307008684225646,0.035877729985538176,0.07782498311520536
320,GFL_PL_11_07_carto1lnew_S_POI4_03.dat,1,GFL_PL_11_07,-20,-10,42,60,0,4,0.09992387257121127,0.4680033757024228,0.0,0.08509684931382004,0.044888402676379835,0.10114380935999068
321,GFL_PL_11_07_carto1lnew_S_POI5_03.dat,1,GFL_PL_11_07,-20,-10,42,60,0,4,0.10842392052877611,0.5009117118783695,0.0,0.09249534777303042,0.06840985641687791,0.15702740187753395
322,GFL_PL_11_07_carto1lnew_S_POI6_03.dat,1,GFL_PL_11_07,-20,-10,42,60,0,4,0.09648471810106651,0.49653655047083056,0.0,0.08211050214504621,0.06514067733206319,0.14959768145684327
323,GFL_PL_11_07_carto1lnew_S_POI7_03.dat,1,GFL_PL_11_07,-20,-10,42,60,0,4,0.1100220783884679,0.49968519007332474,0.0,0.0938891918446135,0.06748928101641694,0.15494457263935746
324,GFL_PL_11_07_carto1lnew_S_POI8_03.dat,1,GFL_PL_11_07,-20,-10,42,60,0,4,0.11294136264157051,0.5244665069534228,0.0,0.09643755056867379,0.08667880805914052,0.19702719289615855
325,GFL_PL_11_07_carto1new_S_POI10_01.dat,1,GFL_PL_11_07,-20,-10,42,60,0,4,0.2393752206021018,0.5260628609519598,0.0,0.20964092254643177,0.08795581442600497,0.19973805606137673
326,GFL_PL_11_07_carto1new_S_POI10_02.dat,1,GFL_PL_11_07,-20,-10,42,60,0,4,0.21940069660695277,0.5471141984324502,0.0,0.1913880853400718,0.10523232815138361,0.23548657763412306
327,GFL_PL_11_07_carto1new_S_POI1_01.dat,-1,GFL_PL_11_07,-20,-10,42,60,0,4,0.0,0.0,0.0,,,
328,GFL_PL_11_07_carto1new_S_POI1_02.dat,1,GFL_PL_11_07,-20,-10,42,60,0,4,0.09179446773513873,0.44747360478562803,0.0,0.07804438910379077,0.03161648250771054,0.0662809908249341
329,GFL_PL_11_07_carto1new_S_POI1_03.dat,1,GFL_PL_11_07,-20,-10,42,60,0,4,0.1409545085196186,0.4748649303554183,0.0,0.12104150092061666,0.04957934935450359,0.11279582124581566
330,GFL_PL_11_07_carto1new_S_POI2_01.dat,1,GFL_PL_11_07,-20,-10,42,60,0,4,0.26642349250609804,0.46807195024909914,0.0,0.23457820982417776,0.04493468400856637,0.10126025985457199
331,GFL_PL_11_07_carto1new_S_POI2_02.dat,1,GFL_PL_11_07,-20,-10,42,60,0,4,0.25258943280026114,0.4653890181101725,0.0,0.22179215014201445,0.04313320719083724,0.09670421406719532
332,GFL_PL_11_07_carto1new_S_POI3_01.dat,1,GFL_PL_11_07,-20,-10,42,60,0,4,0.19431704260712265,0.46120990750795127,0.0,0.16866236293826775,0.04036556928348678,0.08960741911738024
333,GFL_PL_11_07_carto1new_S_POI3_02.dat,1,GFL_PL_11_07,-20,-10,42,60,0,4,0.14569682170481457,0.45459846534613557,0.0,0.1252335951643783,0.036086099221665835,0.07838013804948274
334,GFL_PL_11_07_carto1new_S_POI4_01.dat,1,GFL_PL_11_07,-20,-10,42,60,0,4,0.09595950189449767,0.45757942940207724,0.0,0.0816547979970449,0.03800030826174439,0.08344228946671084
335,GFL_PL_11_07_carto1new_S_POI4_02.dat,1,GFL_PL_11_07,-20,-10,42,60,0,4,0.23478210698516988,0.4608760457272734,0.0,0.2054314649816038,0.04014652502737992,0.08904046867634818
336,GFL_PL_11_07_carto1new_S_POI5_01.dat,1,GFL_PL_11_07,-20,-10,42,60,0,4,0.06675338801955363,0.4530130130199814,0.0,0.05646457899164864,0.03507847347572157,0.07568778765908069
337,GFL_PL_11_07_carto1new_S_POI5_02.dat,1,GFL_PL_11_07,-20,-10,42,60,0,4,0.08484545676273328,0.4745795144784041,0.0,0.07203410821786525,0.04938184296591275,0.11231113965985451
338,GFL_PL_11_07_carto1new_S_POI6_01.dat,1,GFL_PL_11_07,-20,-10,42,60,0,4,0.06771170040898715,0.45690693848829195,0.0,0.05728643037993349,0.0375662507646336,0.08230029286144958
339,GFL_PL_11_07_carto1new_S_POI6_02.dat,1,GFL_PL_11_07,-20,-10,42,60,0,4,0.08284916300799684,0.4716081670379082,0.0,0.07031058509203984,0.04733784808019825,0.10726531878623391
340,GFL_PL_11_07_carto1new_S_POI7_01.dat,1,GFL_PL_11_07,-20,-10,42,60,0,4,0.10922957740959653,0.45194072217559916,0.0,0.09319789616352739,0.034401163721595296,0.07386686713950885
341,GFL_PL_11_07_carto1new_S_POI7_02.dat,1,GFL_PL_11_07,-20,-10,42,60,0,4,0.0926325359450403,0.481420040645353,0.0,0.0787703750767622,0.05417051267608153,0.12392744182947846
342,GFL_PL_11_07_carto1new_S_POI8_01.dat,1,GFL_PL_11_07,-20,-10,42,60,0,4,0.059968034609250515,0.4508446339540786,0.0,0.05065454669930723,0.03371234153421887,0.07200553488596562
343,GFL_PL_11_07_carto1new_S_POI8_02.dat,1,GFL_PL_11_07,-20,-10,42,60,0,4,0.0900213779877074,0.4861938498024168,0.0,0.07650923259929412,0.05757869682163519,0.13203412957763827
344,GFL_PL_11_07_carto1new_S_POI9_01.dat,1,GFL_PL_11_07,-20,-10,42,60,0,4,0.039484817389712074,0.4728567978129272,0.0,0.03321236665262178,0.04819406653406366,0.10938569257429032
345,GFL_PL_11_07_carto1new_S_POI9_02.dat,1,GFL_PL_11_07,-20,-10,42,60,0,4,0.18336959674513814,0.4838696221768176,0.0,0.158812364645984,0.05591268797317961,0.12808722114530202
346,GFL_PL_11_07_carto2new_S_POI1_01.dat,1,GFL_PL_11_07,-20,-10,42,60,0,4,0.25057832052820367,0.4697051825407432,0.0,0.21993891225143714,0.046040587248721065,0.10403374823103517
347,GFL_PL_11_07_carto2new_S_POI2_01.dat,1,GFL_PL_11_07,-20,-10,42,60,0,4,0.13221309833899925,0.46614339940528204,0.0,0.11333472451866362,0.043637815509253275,0.0979852735736183
348,GFL_PL_11_07_carto2new_S_POI3_01.dat,1,GFL_PL_11_07,-20,-10,42,60,0,4,0.07490674420387612,0.45225850824778835,0.0,0.06346708651200193,0.03460153875664107,0.07440651846891733
349,GFL_PL_11_07_carto2new_S_POI4_01.dat,1,GFL_PL_11_07,-20,-10,42,60,0,4,0.08746592713468457,0.4489863789605969,0.0,0.07429861798983889,0.03255275964006976,0.0688499221471689
350,GFL_PL_11_07_carto2new_S_POI5_01.dat,1,GFL_PL_11_07,-20,-10,42,60,0,4,0.09723573988925034,0.4530981321342505,0.0,0.08276229274267823,0.0351323837678138,0.07583233346266782
351,GFL_PL_11_07_testS1_02.dat,-1,GFL_PL_11_07,-20,-10,42,60,0,4,0.0,0.0,0.0,,,
352,GFL_PL_11_07_testS1_03.dat,-1,GFL_PL_11_07,-20,-10,42,60,0,4,0.0,0.0,0.0,,,
353,GFL_PL_11_07_testS1_04.dat,-1,GFL_PL_11_07,-20,-10,42,60,0,4,0.0,0.0,0.0,,,
354,GFL_PL_11_07_testS1_05.dat,-1,GFL_PL_11_07,-20,-10,42,60,0,4,0.0,0.0,0.0,,,
355,GFL_PL_11_07_testS1_06.dat,-1,GFL_PL_11_07,-20,-10,42,60,0,4,0.0,0.0,0.0,,,
356,GFL_PL_11_07_testS1_07.dat,-1,GFL_PL_11_07,-20,-10,42,60,0,4,0.0,0.0,0.0,,,
357,GFL_PL_11_07_testS1_08.dat,-1,GFL_PL_11_07,-20,-10,42,60,0,4,0.0,0.0,0.0,,,
358,GFL_PL_777_08_01_S_CORE_pt1_04.dat,1,GFL_PL_11_07,-20,-10,42,60,0,4,0.42548884096560236,0.7075971141300981,0.0,0.38635970264875946,0.267660440643227,0.5080121109495914
359,GFL_PL_777_08_01_S_CORE_pt1_05.dat,1,GFL_PL_11_07,-20,-10,42,60,0,4,0.31127469007412584,0.6521872456115732,0.0,0.276487845862416,0.2040163090770477,0.4139173351704628
360,GFL_PL_777_08_01_S_CORE_pt2_04.dat,1,GFL_PL_11_07,-20,-10,42,60,0,4,0.3987406549855389,0.6968620951673279,0.0,0.3602230077067419,0.2544548242344582,0.4897823401651895
361,GFL_PL_777_08_01_S_CORE_pt2_05.dat,1,GFL_PL_11_07,-20,-10,42,60,0,4,0.30189289456344326,0.6409663810150144,0.0,0.2676636860535228,0.19230949036541534,0.3948625211726966
362,GFL_PL_777_08_01_S_carto_POI10_01.dat,1,GFL_PL_11_07,-20,-10,42,60,0,4,0.08650776031318028,0.4915104035951882,0.0,0.0734703310258963,0.061436097499755205,0.14106248410046585
363,GFL_PL_777_08_01_S_carto_POI10_02.dat,1,GFL_PL_11_07,-20,-10,42,60,0,4,0.09481880719951062,0.5015254383984628,0.0,0.080665402900793,0.06887168154039014,0.15806960718936525
364,GFL_PL_777_08_01_S_carto_POI11_01.dat,1,GFL_PL_11_07,-20,-10,42,60,0,4,0.10157675581648769,0.458172304554987,0.0,0.08653356858563335,0.038384041620825204,0.08444908583836086
365,GFL_PL_777_08_01_S_carto_POI11_02.dat,1,GFL_PL_11_07,-20,-10,42,60,0,4,0.09370230951572905,0.4853513102040246,0.0,0.07969743211169993,0.056973315288840864,0.1306033632409659
366,GFL_PL_777_08_01_S_carto_POI12_01.dat,1,GFL_PL_11_07,-20,-10,42,60,0,4,0.13670619706383488,0.4463996208103635,0.0,0.11729271187226065,0.030956032801069844,0.06445719509964543
367,GFL_PL_777_08_01_S_carto_POI12_02.dat,1,GFL_PL_11_07,-20,-10,42,60,0,4,0.07685422021847398,0.4737958013751449,0.0,0.06514308471123488,0.048840564933862796,0.11098027007474287
368,GFL_PL_777_08_01_S_carto_POI13_01.dat,1,GFL_PL_11_07,-20,-10,42,60,0,4,0.06148842819936685,0.4530991266259517,0.0,0.05195501293159265,0.03513301375600164,0.07583402226785974
369,GFL_PL_777_08_01_S_carto_POI13_02.dat,1,GFL_PL_11_07,-20,-10,42,60,0,4,0.08692772112178969,0.459990686063083,0.0,0.07383332682551996,0.03956714127834815,0.08753698705270874
370,GFL_PL_777_08_01_S_carto_POI14_01.dat,1,GFL_PL_11_07,-20,-10,42,60,0,4,0.0915677604243987,0.45033166504574945,0.0,0.07784804319010181,0.0333912036246663,0.0711344320354913
371,GFL_PL_777_08_01_S_carto_POI14_02.dat,1,GFL_PL_11_07,-20,-10,42,60,0,4,0.16510098971752987,0.4730683644343106,0.0,0.14246762548976435,0.04833953484527442,0.10974496637034281
372,GFL_PL_777_08_01_S_carto_POI15_01.dat,1,GFL_PL_11_07,-20,-10,42,60,0,4,0.197525094516872,0.45552573607581437,0.0,0.17155668739707006,0.03667880633807963,0.07995479133288663
373,GFL_PL_777_08_01_S_carto_POI15_02.dat,1,GFL_PL_11_07,-20,-10,42,60,0,4,0.0964113093934296,0.47139563107887833,0.0,0.08204680328927133,0.04719250192658819,0.1069043989005779
374,GFL_PL_777_08_01_S_carto_POI15_03.dat,1,GFL_PL_11_07,-20,-10,42,60,0,4,0.18694583272690937,0.49486863966237116,0.0,0.16202552564406733,0.06390520130482424,0.14676530343939487
375,GFL_PL_777_08_01_S_carto_POI16_01.dat,1,GFL_PL_11_07,-20,-10,42,60,0,4,0.15713784957217242,0.4565004320269324,0.0,0.13537928414108674,0.03730449677754277,0.08160998019049259
376,GFL_PL_777_08_01_S_carto_POI16_02.dat,1,GFL_PL_11_07,-20,-10,42,60,0,4,0.17144631647899822,0.47123539768824385,0.0,0.148131614212378,0.04708300005268806,0.10663229710053412
377,GFL_PL_777_08_01_S_carto_POI17_01.dat,1,GFL_PL_11_07,-20,-10,42,60,0,4,0.08317748356009637,0.4680762646867373,0.0,0.0705939495047703,0.044937596257746404,0.10126758645636746
378,GFL_PL_777_08_01_S_carto_POI17_02.dat,1,GFL_PL_11_07,-20,-10,42,60,0,4,0.10456155163706599,0.48469430779251094,0.0,0.08913041189419828,0.05650238674554375,0.12948766857771188
379,GFL_PL_777_08_01_S_carto_POI17_03.dat,1,GFL_PL_11_07,-20,-10,42,60,0,4,0.09480305175673945,0.49574530113307147,0.0,0.08065174038790808,0.06455382144101707,0.14825401414608375
380,GFL_PL_777_08_01_S_carto_POI18_01.dat,1,GFL_PL_11_07,-20,-10,42,60,0,4,0.3186694139044721,0.5750445737091686,0.0,0.2834645408760806,0.12937471151032987,0.28291680025251986
381,GFL_PL_777_08_01_S_carto_POI18_02.dat,1,GFL_PL_11_07,-20,-10,42,60,0,4,0.2489332280905028,0.5602012863131719,0.0,0.21842400362574835,0.11637211830556504,0.2577105357964955
382,GFL_PL_777_08_01_S_carto_POI1_01.dat,1,GFL_PL_11_07,-20,-10,42,60,0,4,0.20947331476926612,0.4862832668834853,0.0,0.1823678292737522,0.057643040933276324,0.1321859740129152
383,GFL_PL_777_08_01_S_carto_POI1_02.dat,1,GFL_PL_11_07,-20,-10,42,60,0,4,0.2245978000053228,0.5121669312285154,0.0,0.19612391951170194,0.07700243704924348,0.17614055571479348
384,GFL_PL_777_08_01_S_carto_POI2_01.dat,1,GFL_PL_11_07,-20,-10,42,60,0,4,0.0773173732920087,0.4528126416242062,0.0,0.06554186781519691,0.03495165203170858,0.07534752513794307
385,GFL_PL_777_08_01_S_carto_POI2_02.dat,1,GFL_PL_11_07,-20,-10,42,60,0,4,0.18249559742689994,0.47729970928092125,0.0,0.15802777157906148,0.05127241610017086,0.11693046338073343
386,GFL_PL_777_08_01_S_carto_POI3_01.dat,1,GFL_PL_11_07,-20,-10,42,60,0,4,0.074036876009182,0.4522546276115997,0.0,0.06271890250075474,0.03459909008162376,0.07439992853102695
387,GFL_PL_777_08_01_S_carto_POI3_02.dat,1,GFL_PL_11_07,-20,-10,42,60,0,4,0.07822328821128417,0.47578460195461014,0.0,0.06632209174713527,0.05021713667272165,0.11435756999617508
388,GFL_PL_777_08_01_S_carto_POI4_01.dat,1,GFL_PL_11_07,-20,-10,42,60,0,4,0.06788332628927694,0.4516032631935486,0.0,0.05743365082288086,0.03418871163486825,0.07329380807801544
389,GFL_PL_777_08_01_S_carto_POI4_02.dat,1,GFL_PL_11_07,-20,-10,42,60,0,4,0.09627726366687377,0.473267417280084,0.0,0.08193049276008081,0.04847650216635968,0.11008298978371689
390,GFL_PL_777_08_01_S_carto_POI5_01.dat,1,GFL_PL_11_07,-20,-10,42,60,0,4,0.08480348807015488,0.44834708849470917,0.0,0.07199785985128052,0.03215624307988474,0.06776430518662102
391,GFL_PL_777_08_01_S_carto_POI5_02.dat,1,GFL_PL_11_07,-20,-10,42,60,0,4,0.1279027182138545,0.4625593200548414,0.0,0.10954427075889998,0.041254032743582525,0.09189893639450064
392,GFL_PL_777_08_01_S_carto_POI5_03.dat,1,GFL_PL_11_07,-20,-10,42,60,0,4,0.09491896697776288,0.4927055323361938,0.0,0.08075225961317294,0.06231195331896178,0.14309200291938373
393,GFL_PL_777_08_01_S_carto_POI6_01.dat,1,GFL_PL_11_07,-20,-10,42,60,0,4,0.062077425151841684,0.4373610389183179,0.0,0.05245902584762804,0.025542030776225966,0.049108244466258055
394,GFL_PL_777_08_01_S_carto_POI6_02.dat,1,GFL_PL_11_07,-20,-10,42,60,0,4,0.07422067553263581,0.4728151859411108,0.0,0.06287696881051912,0.048165468489813845,0.1093150289930006
395,GFL_PL_777_08_01_S_carto_POI7_01.dat,1,GFL_PL_11_07,-20,-10,42,60,0,4,0.06513497582045855,0.4536008619766813,0.0,0.05507734685452889,0.0354512214810534,0.07668604874959706
396,GFL_PL_777_08_01_S_carto_POI7_02.dat,1,GFL_PL_11_07,-20,-10,42,60,0,4,0.08358536340896433,0.4660846443094521,0.0,0.07094603139087591,0.04359845960906095,0.09788549806943803
397,GFL_PL_777_08_01_S_carto_POI7_03.dat,1,GFL_PL_11_07,-20,-10,42,60,0,4,0.10789721615814206,0.5024584726411895,0.0,0.09203617298457342,0.06957529352435454,0.15965404783524528
398,GFL_PL_777_08_01_S_carto_POI8_01.dat,1,GFL_PL_11_07,-20,-10,42,60,0,4,0.10836861727459661,0.4400859638619145,0.0,0.09244713051669035,0.02714653762978081,0.05373560071953909
399,GFL_PL_777_08_01_S_carto_POI8_02.dat,1,GFL_PL_11_07,-20,-10,42,60,0,4,0.0906348306504132,0.46791848769268524,0.0,0.07704024196057387,0.04483112836939995,0.10099965600868066
400,GFL_PL_777_08_01_S_carto_POI9_01.dat,1,GFL_PL_11_07,-20,-10,42,60,0,4,0.04881484999901521,0.4329823699925186,0.0,0.04113918411846628,0.023015613768402554,0.041672567721304565
401,GFL_PL_777_08_01_S_carto_POI9_02.dat,1,GFL_PL_11_07,-20,-10,42,60,0,4,0.13618239380047828,0.4588209191707646,0.0,0.11683093131900595,0.03880498799155785,0.08555053668945356
